Workbook

Sheet 25 portfolios Data
B1: SMALL LoBM | C1: ME1 BM2 | D1: ME1 BM3 | E1: ME1 BM4 | F1: SMALL HiBM | G1: ME2 BM1 | H1: ME2 BM2 | I1: ME2 BM3 | J1: ME2 BM4 | K1: ME2 BM5 | L1: ME3 BM1 | M1: ME3 BM2 | N1: ME3 BM3 | O1: ME3 BM4 | P1: ME3 BM5 | Q1: ME4 BM1 | R1: ME4 BM2 | S1: ME4 BM3 | T1: ME4 BM4 | U1: ME4 BM5 | V1: BIG LoBM | W1: ME5 BM2 | X1: ME5 BM3 | Y1: ME5 BM4 | Z1: BIG HiBM
A2: 200108 | B2: -5.67 | C2: -4.1 | D2: -2.06 | E2: -0.44 | F2: 0.72 | G2: -3.7 | H2: -5.19 | I2: -1.15 | J2: -0.8 | K2: 0.71 | L2: -4.46 | M2: -3.87 | N2: -2.46 | O2: -0.17 | P2: -0.06 | Q2: -6.35 | R2: -3.46 | S2: -2.2 | T2: -1.88 | U2: -0.21 | V2: -6.68 | W2: -4.67 | X2: -3.49 | Y2: -1.06 | Z2: -6.83
A3: 200109 | B3: -18.49 | C3: -17.39 | D3: -14.3 | E3: -12.9 | F3: -10.9 | G3: -19.12 | H3: -15.35 | I3: -13.42 | J3: -12.27 | K3: -11.87 | L3: -17.03 | M3: -14.18 | N3: -12.69 | O3: -11.89 | P3: -12.52 | Q3: -14.77 | R3: -12.52 | S3: -11.14 | T3: -10.77 | U3: -13.21 | V3: -6.03 | W3: -8.83 | X3: -11.46 | Y3: -10.26 | Z3: -9.74
A4: 200110 | B4: 8.77 | C4: 8.42 | D4: 5.93 | E4: 5.61 | F4: 3.59 | G4: 9.69 | H4: 8 | I4: 5.75 | J4: 4.15 | K4: 2.3 | L4: 12.38 | M4: 8.24 | N4: 5.23 | O4: 3.75 | P4: 2.23 | Q4: 9.3 | R4: 6.4 | S4: 2.51 | T4: 2.22 | U4: 2.33 | V4: 4.05 | W4: 1.93 | X4: 2.33 | Y4: 0.69 | Z4: -0.9
A5: 200111 | B5: 6.1 | C5: 6.52 | D5: 7.06 | E5: 4.33 | F5: 2.45 | G5: 5.04 | H5: 8.64 | I5: 4.36 | J5: 4.74 | K5: 3.66 | L5: 8.21 | M5: 6.24 | N5: 4.81 | O5: 4.14 | P5: 4.78 | Q5: 8.09 | R5: 6.71 | S5: 4.6 | T5: 4.26 | U5: 6.11 | V5: 6.75 | W5: 5.44 | X5: 4.53 | Y5: 4.98 | Z5: 8.53
A6: 200112 | B6: -0.96 | C6: 1.27 | D6: 0.59 | E6: 0.08 | F6: 0 | G6: 0.67 | H6: 3.1 | I6: 0.78 | J6: 2.13 | K6: 1.52 | L6: -0.07 | M6: 3.38 | N6: 2.59 | O6: 2.98 | P6: 1.45 | Q6: -0.24 | R6: 1.69 | S6: 2.26 | T6: 1.74 | U6: 2.65 | V6: -0.5 | W6: 0.69 | X6: 1.09 | Y6: 1.59 | Z6: 1.6
A7: 200201 | B7: -2.45 | C7: -3.06 | D7: -2.02 | E7: -0.52 | F7: 1.48 | G7: -5.81 | H7: -4.24 | I7: -3 | J7: -0.66 | K7: -0.29 | L7: -4.86 | M7: -3.08 | N7: -2.3 | O7: -1.48 | P7: 0.11 | Q7: -4.59 | R7: -3.43 | S7: -2.53 | T7: -0.08 | U7: -0.28 | V7: -2.87 | W7: -2.35 | X7: -3.98 | Y7: -1.75 | Z7: -7.09
A8: 200202 | B8: -4.26 | C8: -3.88 | D8: -2.48 | E8: -0.16 | F8: 1.24 | G8: -5 | H8: -3.73 | I8: -0.25 | J8: 0.08 | K8: 3.26 | L8: -3.86 | M8: -2.39 | N8: 0.63 | O8: 1.7 | P8: 2.55 | Q8: -3.7 | R8: 0.09 | S8: 1.53 | T8: 2.57 | U8: 1.5 | V8: -1.27 | W8: -0.58 | X8: 0.22 | Y8: 0 | Z8: -3.33
A9: 200203 | B9: 2.54 | C9: 4.47 | D9: 5.64 | E9: 4.71 | F9: 6.03 | G9: 4.98 | H9: 6.71 | I9: 6.89 | J9: 6.21 | K9: 6.24 | L9: 6.98 | M9: 6.78 | N9: 6.41 | O9: 6.04 | P9: 5.45 | Q9: 6.94 | R9: 5.42 | S9: 6.21 | T9: 5.56 | U9: 4.4 | V9: 2.44 | W9: 4.99 | X9: 6.48 | Y9: 4.86 | Z9: 4.61
A10: 200204 | B10: -3.81 | C10: -1.87 | D10: 1.01 | E10: 2.23 | F10: 4.6 | G10: -1.75 | H10: -0.73 | I10: 3.37 | J10: 3.82 | K10: 4.75 | L10: -4.67 | M10: 0.57 | N10: 2.65 | O10: 2.42 | P10: 3.43 | Q10: -4.18 | R10: 1.61 | S10: 1.64 | T10: 2.21 | U10: 1.57 | V10: -6.73 | W10: -3.86 | X10: -0.7 | Y10: 1.89 | Z10: -4.91
A11: 200205 | B11: -1.63 | C11: 0.79 | D11: 0.52 | E11: 3.81 | F11: 4.82 | G11: -0.33 | H11: -0.19 | I11: 0.91 | J11: 1.67 | K11: 1.9 | L11: -1.5 | M11: -0.56 | N11: 0.34 | O11: 0.77 | P11: 1.89 | Q11: -0.75 | R11: 0.41 | S11: 2.11 | T11: 2.53 | U11: 1.89 | V11: -2.04 | W11: 1.24 | X11: 0.61 | Y11: 1.43 | Z11: 1.03
A12: 200206 | B12: -6.55 | C12: -3.92 | D12: -3.51 | E12: -2.29 | F12: -0.43 | G12: -5.67 | H12: -4.6 | I12: -3.05 | J12: -1.95 | K12: -1.27 | L12: -7.61 | M12: -4.26 | N12: -4.9 | O12: -3.72 | P12: -3.23 | Q12: -7.05 | R12: -5.3 | S12: -5.31 | T12: -4.4 | U12: -3.87 | V12: -5.84 | W12: -5.61 | X12: -5.51 | Y12: -4.2 | Z12: -7.9
A13: 200207 | B13: -10.19 | C13: -11.4 | D13: -8.84 | E13: -8.77 | F13: -6.58 | G13: -10.75 | H13: -11.87 | I13: -10.45 | J13: -9.64 | K13: -9.48 | L13: -10.31 | M13: -9.8 | N13: -10.64 | O13: -9.77 | P13: -9.99 | Q13: -10.37 | R13: -9.92 | S13: -8.72 | T13: -7.77 | U13: -10.26 | V13: -6.01 | W13: -9.43 | X13: -10.03 | Y13: -8.71 | Z13: -9.14
... A291: 202509 | B291: 2.34 | C291: 1.37 | D291: 2.83 | E291: 3.64 | F291: 2.21 | G291: 1.04 | H291: -0.8 | I291: 1.76 | J291: 2.98 | K291: 2.28 | L291: -1.12 | M291: 2.75 | N291: 0.49 | O291: 1.39 | P291: 1.26 | Q291: -0.75 | R291: -0.01 | S291: 1.26 | T291: 0.84 | U291: 2.73 | V291: 5.93 | W291: 2.52 | X291: 0.73 | Y291: 2.69 | Z291: 1.76
A295: Average Equal Weighted Returns -- Monthly
B296: SMALL LoBM | C296: ME1 BM2 | D296: ME1 BM3 | E296: ME1 BM4 | F296: SMALL HiBM | G296: ME2 BM1 | H296: ME2 BM2 | I296: ME2 BM3 | J296: ME2 BM4 | K296: ME2 BM5 | L296: ME3 BM1 | M296: ME3 BM2 | N296: ME3 BM3 | O296: ME3 BM4 | P296: ME3 BM5 | Q296: ME4 BM1 | R296: ME4 BM2 | S296: ME4 BM3 | T296: ME4 BM4 | U296: ME4 BM5 | V296: BIG LoBM | W296: ME5 BM2 | X296: ME5 BM3 | Y296: ME5 BM4 | Z296: BIG HiBM
A297: 199007 | B297: 1.48 | C297: 1.86 | D297: 1.54 | E297: 2.29 | F297: 0.93 | G297: 1.72 | H297: 1.1 | I297: 2.13 | J297: 0.94 | K297: 0.9 | L297: 2.57 | M297: 2.78 | N297: 2.86 | O297: 3.04 | P297: 2.15 | Q297: 3.23 | R297: 3.04 | S297: 2.57 | T297: 2.46 | U297: 2.87 | V297: 2.45 | W297: 1.71 | X297: 1.87 | Y297: 2.51 | Z297: 1.78
A298: 199008 | B298: -8.88 | C298: -9.75 | D298: -8.39 | E298: -7.52 | F298: -7.17 | G298: -12.23 | H298: -10.38 | I298: -11.52 | J298: -11.3 | K298: -10.1 | L298: -13.87 | M298: -12.41 | N298: -13.11 | O298: -11.8 | P298: -11.77 | Q298: -11.69 | R298: -11.57 | S298: -11.75 | T298: -12.2 | U298: -12.28 | V298: -10.57 | W298: -10.75 | X298: -11.01 | Y298: -11.13 | Z298: -11.16
A299: 199009 | B299: -9.43 | C299: -8.47 | D299: -8.91 | E299: -6.8 | F299: -7.5 | G299: -11.05 | H299: -10.53 | I299: -9.67 | J299: -8.99 | K299: -9.26 | L299: -12.54 | M299: -11.57 | N299: -11.93 | O299: -11.96 | P299: -12.59 | Q299: -12.95 | R299: -11.33 | S299: -12.15 | T299: -12.88 | U299: -13.13 | V299: -12.37 | W299: -11.95 | X299: -11.76 | Y299: -12.97 | Z299: -13.54
A300: 199010 | B300: -1.5 | C300: -1.03 | D300: -0.47 | E300: -2.21 | F300: -4.03 | G300: 6.2 | H300: 1.27 | I300: 1.95 | J300: 1.84 | K300: 0.07 | L300: 11.84 | M300: 9.51 | N300: 8.15 | O300: 6.9 | P300: 6.37 | Q300: 12.38 | R300: 9.1 | S300: 11.13 | T300: 10.16 | U300: 9.41 | V300: 10.38 | W300: 13.79 | X300: 11.14 | Y300: 9.77 | Z300: 9.87
A301: 199011 | B301: 0.11 | C301: -1.24 | D301: -0.4 | E301: -0.53 | F301: -0.43 | G301: -0.93 | H301: 1.94 | I301: 0.22 | J301: 0.68 | K301: 0.86 | L301: -5.45 | M301: -2.23 | N301: -2.21 | O301: -4.57 | P301: -2.24 | Q301: -4.02 | R301: -3.83 | S301: -3.68 | T301: -4.77 | U301: -4.38 | V301: -1.86 | W301: -3.52 | X301: -2.76 | Y301: -1.61 | Z301: -2.6
A302: 199012 | B302: -1.94 | C302: 1.55 | D302: -0.07 | E302: -1.12 | F302: -0.54 | G302: 1.81 | H302: 1.45 | I302: 1.8 | J302: 2.04 | K302: 1.8 | L302: 2.54 | M302: 1.25 | N302: 0.4 | O302: -0.22 | P302: 0.43 | Q302: -0.02 | R302: 1.04 | S302: -0.2 | T302: 0.33 | U302: 0.85 | V302: 1.69 | W302: 1.25 | X302: 2.3 | Y302: 1.64 | Z302: 0.82
A303: 199101 | B303: 2.74 | C303: 2.65 | D303: 1.81 | E303: 1.54 | F303: 4.57 | G303: 0.15 | H303: 1.29 | I303: 1.9 | J303: 2.81 | K303: 2.61 | L303: -0.21 | M303: 0.26 | N303: 1.43 | O303: -0.82 | P303: 0.82 | Q303: 0.25 | R303: 1.71 | S303: 0.19 | T303: 0.74 | U303: 1.74 | V303: 3.53 | W303: 3.1 | X303: 2.6 | Y303: 2.94 | Z303: 4.79
A304: 199102 | B304: 12.53 | C304: 11.63 | D304: 10.24 | E304: 9.44 | F304: 10.76 | G304: 15.68 | H304: 13.52 | I304: 13.5 | J304: 10.82 | K304: 12.3 | L304: 16.25 | M304: 13.85 | N304: 14.91 | O304: 15.4 | P304: 14.94 | Q304: 15.35 | R304: 12.78 | S304: 14.2 | T304: 15.22 | U304: 14.68 | V304: 11.19 | W304: 10.64 | X304: 10.28 | Y304: 11.22 | Z304: 11.68
A305: 199103 | B305: 4.06 | C305: 2.8 | D305: 2.54 | E305: 2.5 | F305: 4.1 | G305: 1.47 | H305: 0.1 | I305: 0.22 | J305: 0.9 | K305: 1.1 | L305: -0.47 | M305: -0.73 | N305: -0.93 | O305: -1.89 | P305: 0.34 | Q305: -0.91 | R305: -2.16 | S305: -2.77 | T305: -1.71 | U305: -0.48 | V305: -2.84 | W305: -2.17 | X305: -2.68 | Y305: -2.51 | Z305: -2.65
A306: 199104 | B306: 1.12 | C306: 1.07 | D306: 1.15 | E306: 0.59 | F306: 2.3 | G306: 1.03 | H306: 1.34 | I306: 1.03 | J306: -0.23 | K306: 0.89 | L306: 0.41 | M306: 0.38 | N306: 0.05 | O306: 1.32 | P306: 1.16 | Q306: -0.15 | R306: -0.27 | S306: 0.84 | T306: 0.92 | U306: 1.08 | V306: 0.44 | W306: 1.25 | X306: 0.19 | Y306: 1.16 | Z306: 0.59
A307: 199105 | B307: 1.46 | C307: 0.11 | D307: -0.48 | E307: -1.14 | F307: 0.31 | G307: -0.91 | H307: 0.17 | I307: 1.17 | J307: 1.27 | K307: 0.22 | L307: -1 | M307: 0.24 | N307: 1 | O307: 0.91 | P307: 0.68 | Q307: -0.12 | R307: 0.27 | S307: -0.56 | T307: 1.21 | U307: 0.63 | V307: 1.59 | W307: 1.31 | X307: 2.01 | Y307: 1.54 | Z307: 1.88
A308: 199106 | B308: -4.88 | C308: -6.02 | D308: -4.11 | E308: -3.34 | F308: -3.13 | G308: -5.09 | H308: -5.45 | I308: -4.33 | J308: -4.4 | K308: -3.99 | L308: -5.79 | M308: -6.17 | N308: -5.29 | O308: -3.91 | P308: -5.1 | Q308: -5.67 | R308: -5.21 | S308: -5.6 | T308: -5.08 | U308: -4.97 | V308: -6.87 | W308: -6.1 | X308: -6.08 | Y308: -5.97 | Z308: -5.81
... A720: 202510 | B720: -1.34 | C720: -0.61 | D720: -0.35 | E720: -0.69 | F720: 0.09 | G720: -1.46 | H720: -0.2 | I720: 0.49 | J720: -0.47 | K720: -0.83 | L720: -1.99 | M720: -0.51 | N720: 0.1 | O720: -1.76 | P720: -0.94 | Q720: 0.6 | R720: 2.04 | S720: -0.02 | T720: -0.02 | U720: -1.06 | V720: 0.07 | W720: 0.94 | X720: -0.44 | Y720: 0.05 | Z720: -0.32
A724: Average Value Weighted Returns -- Annual
B725: SMALL LoBM | C725: ME1 BM2 | D725: ME1 BM3 | E725: ME1 BM4 | F725: SMALL HiBM | G725: ME2 BM1 | H725: ME2 BM2 | I725: ME2 BM3 | J725: ME2 BM4 | K725: ME2 BM5 | L725: ME3 BM1 | M725: ME3 BM2 | N725: ME3 BM3 | O725: ME3 BM4 | P725: ME3 BM5 | Q725: ME4 BM1 | R725: ME4 BM2 | S725: ME4 BM3 | T725: ME4 BM4 | U725: ME4 BM5 | V725: BIG LoBM | W725: ME5 BM2 | X725: ME5 BM3 | Y725: ME5 BM4 | Z725: BIG HiBM
A726: 1991 | B726: 29.21 | C726: 27.81 | D726: 26.32 | E726: 24.48 | F726: 24.9 | G726: 19.45 | H726: 23.27 | I726: 18.37 | J726: 16.81 | K726: 16.37 | L726: 19.68 | M726: 14.07 | N726: 15.86 | O726: 13.24 | P726: 18.09 | Q726: 17.87 | R726: 15.31 | S726: 7.87 | T726: 19.52 | U726: 18.34 | V726: 29.88 | W726: 14.55 | X726: 16.26 | Y726: 13.46 | Z726: 15.12
A727: 1992 | B727: -9.18 | C727: -4.31 | D727: 2.98 | E727: -1.94 | F727: 7.56 | G727: -13.39 | H727: -5.04 | I727: -4.08 | J727: -1.74 | K727: 2.43 | L727: -10.82 | M727: -7.42 | N727: -7.37 | O727: -6.78 | P727: -1.43 | Q727: -12.94 | R727: -4.23 | S727: -6.43 | T727: -4.83 | U727: -6.38 | V727: -7.17 | W727: -7.53 | X727: -5.61 | Y727: -5.1 | Z727: -2.02
A728: 1993 | B728: 21.55 | C728: 28.41 | D728: 35.91 | E728: 45.04 | F728: 49.63 | G728: 23.1 | H728: 27.01 | I728: 30.81 | J728: 33.62 | K728: 36.58 | L728: 18.07 | M728: 25 | N728: 24 | O728: 32.52 | P728: 37.45 | Q728: 15.38 | R728: 22.05 | S728: 26.95 | T728: 27.77 | U728: 33.37 | V728: 10.32 | W728: 18.14 | X728: 23.31 | Y728: 25.02 | Z728: 33.36
A729: 1994 | B729: -7.27 | C729: -1.57 | D729: 5.28 | E729: 2.88 | F729: 10.91 | G729: 0.4 | H729: -2.81 | I729: 5.27 | J729: 8.95 | K729: 13.13 | L729: 7.85 | M729: 5.82 | N729: 8.23 | O729: 9.95 | P729: 10.54 | Q729: 2.81 | R729: 3.57 | S729: 6.92 | T729: 6.54 | U729: 9.1 | V729: 1.67 | W729: 6.93 | X729: 7.52 | Y729: 5.3 | Z729: 9.91
A730: 1995 | B730: 25.83 | C730: 21.97 | D730: 23.28 | E730: 14.67 | F730: 19.8 | G730: 17.25 | H730: 18.61 | I730: 16.35 | J730: 15.06 | K730: 13.99 | L730: 15.29 | M730: 10.27 | N730: 6.79 | O730: 11.16 | P730: 9.32 | Q730: 26.1 | R730: 12.32 | S730: 12 | T730: 12.03 | U730: 10.79 | V730: 20.66 | W730: 20.58 | X730: 17.67 | Y730: 19.27 | Z730: 22.88
A731: 1996 | B731: 5.01 | C731: 14.3 | D731: 14.13 | E731: 20.79 | F731: 21.61 | G731: 2.96 | H731: 8.5 | I731: 10.25 | J731: 14.82 | K731: 10.68 | L731: 2.75 | M731: 6.57 | N731: 10.17 | O731: 8.87 | P731: 9.54 | Q731: 6.23 | R731: 9.15 | S731: 7.63 | T731: 12 | U731: 13.02 | V731: 9.06 | W731: 11.91 | X731: 15.51 | Y731: 17.71 | Z731: 17.15
A732: 1997 | B732: -13.23 | C732: -5.98 | D732: -2.31 | E732: 3.48 | F732: 8.52 | G732: -11.92 | H732: -6.31 | I732: 0.45 | J732: 4.46 | K732: -4.49 | L732: -6.03 | M732: -2.66 | N732: 2.61 | O732: 5.17 | P732: 5.86 | Q732: -5.3 | R732: 0.5 | S732: 2.72 | T732: 7.84 | U732: 4.82 | V732: 19.47 | W732: 15.96 | X732: 14.41 | Y732: 19.83 | Z732: 23.73
A733: 1998 | B733: -2.08 | C733: -0.97 | D733: -3.28 | E733: -1.55 | F733: 3.7 | G733: 8.43 | H733: -0.75 | I733: 0.26 | J733: -0.31 | K733: 6.53 | L733: 8.85 | M733: 1.9 | N733: 5.56 | O733: 5.05 | P733: 10.18 | Q733: 17.97 | R733: 12.56 | S733: 5.9 | T733: 4.35 | U733: 9.77 | V733: 36.18 | W733: 21.77 | X733: 13.34 | Y733: 18.92 | Z733: 17.73
A734: 1999 | B734: 76.55 | C734: 56.3 | D734: 65.92 | E734: 39.17 | F734: 37.74 | G734: 62.07 | H734: 45.11 | I734: 26.59 | J734: 18.78 | K734: 15.31 | L734: 60.14 | M734: 38.59 | N734: 27.36 | O734: 3.59 | P734: 14.16 | Q734: 79.15 | R734: 18.01 | S734: 13.84 | T734: 8.07 | U734: 16.61 | V734: 40.41 | W734: 24.76 | X734: 27.43 | Y734: 10.05 | Z734: 14.42
A735: 2000 | B735: -36.13 | C735: -24.4 | D735: -11.58 | E735: -8.28 | F735: 0.83 | G735: -40.21 | H735: -22.38 | I735: -8.18 | J735: 0.43 | K735: 8.76 | L735: -32.75 | M735: -20.13 | N735: -7.35 | O735: 9.33 | P735: 16.86 | Q735: -28.63 | R735: -12.73 | S735: 4.99 | T735: 8.73 | U735: 16.1 | V735: -29.76 | W735: -18.55 | X735: 1.63 | Y735: 4.12 | Z735: 8.98
A736: 2001 | B736: -32.39 | C736: -19.9 | D736: -7.37 | E736: 1.47 | F736: 6.33 | G736: -29.03 | H736: -17.36 | I736: -6.68 | J736: 0.68 | K736: 1.34 | L736: -24.02 | M736: -11.93 | N736: -9.98 | O736: -4.27 | P736: -3.73 | Q736: -25.21 | R736: -6.08 | S736: -12.69 | T736: -4.09 | U736: -1.37 | V736: -24.42 | W736: -17.46 | X736: -15.56 | Y736: -12.19 | Z736: -13.54
A737: 2002 | B737: -32.19 | C737: -24.46 | D737: -16.82 | E737: -5.65 | F737: 6.11 | G737: -27.01 | H737: -22.28 | I737: -11.39 | J737: -4.71 | K737: 0.27 | L737: -28.03 | M737: -17.25 | N737: -9.93 | O737: -5.31 | P737: -3.29 | Q737: -26.16 | R737: -14.16 | S737: -8.43 | T737: -3.41 | U737: -9.94 | V737: -23.08 | W737: -18.53 | X737: -17.57 | Y737: -10.68 | Z737: -22.94
... A759: 2024 | B759: -7.5 | C759: 2.82 | D759: 1.38 | E759: 3.15 | F759: 8.06 | G759: -0.12 | H759: 11.34 | I759: 3.26 | J759: 4.48 | K759: 7 | L759: 6.64 | M759: 1.82 | N759: 4.73 | O759: 6.77 | P759: 8.74 | Q759: 10.32 | R759: 4.93 | S759: 7.67 | T759: 7.16 | U759: 15.97 | V759: 24.49 | W759: 21.21 | X759: 7.93 | Y759: 12.24 | Z759: 20.32
A763: Average Equal Weighted Returns -- Annual
B764: SMALL LoBM | C764: ME1 BM2 | D764: ME1 BM3 | E764: ME1 BM4 | F764: SMALL HiBM | G764: ME2 BM1 | H764: ME2 BM2 | I764: ME2 BM3 | J764: ME2 BM4 | K764: ME2 BM5 | L764: ME3 BM1 | M764: ME3 BM2 | N764: ME3 BM3 | O764: ME3 BM4 | P764: ME3 BM5 | Q764: ME4 BM1 | R764: ME4 BM2 | S764: ME4 BM3 | T764: ME4 BM4 | U764: ME4 BM5 | V764: BIG LoBM | W764: ME5 BM2 | X764: ME5 BM3 | Y764: ME5 BM4 | Z764: BIG HiBM
A765: 1991 | B765: 32.38 | C765: 28.78 | D765: 27.8 | E765: 25.18 | F765: 33.02 | G765: 22.92 | H765: 21.99 | I765: 20.12 | J765: 16.01 | K765: 16.15 | L765: 18.33 | M765: 15.04 | N765: 15.82 | O765: 13.35 | P765: 16.19 | Q765: 16.78 | R765: 15.49 | S765: 8.96 | T765: 18.25 | U765: 17.48 | V765: 22.35 | W765: 16.77 | X765: 15.68 | Y765: 18.61 | Z765: 23.94
A766: 1992 | B766: -1.55 | C766: -1.72 | D766: 0.12 | E766: -2.23 | F766: 14.84 | G766: -13.1 | H766: -6.95 | I766: -5.97 | J766: -5.13 | K766: 0.38 | L766: -9.49 | M766: -9.1 | N766: -7.92 | O766: -8.87 | P766: -6.14 | Q766: -13.82 | R766: -5.37 | S766: -6.79 | T766: -8.42 | U766: -8.76 | V766: -11 | W766: -6.21 | X766: -5.92 | Y766: -6.07 | Z766: -2.94
A767: 1993 | B767: 35.03 | C767: 43.22 | D767: 43.3 | E767: 56.54 | F767: 65.39 | G767: 21.01 | H767: 26.6 | I767: 29.76 | J767: 32.1 | K767: 37.35 | L767: 17.49 | M767: 21.71 | N767: 22.82 | O767: 31.9 | P767: 38.07 | Q767: 17.48 | R767: 23.03 | S767: 26.3 | T767: 27.37 | U767: 35.81 | V767: 13.81 | W767: 19.57 | X767: 26.36 | Y767: 24.89 | Z767: 31.35
A768: 1994 | B768: -6.97 | C768: 0.28 | D768: 4.49 | E768: 7.87 | F768: 18.52 | G768: 1.19 | H768: -1.35 | I768: 6.68 | J768: 11.63 | K768: 16.92 | L768: 9.68 | M768: 7.57 | N768: 11.9 | O768: 14.21 | P768: 14.95 | Q768: 4.04 | R768: 6.86 | S768: 9.73 | T768: 7.74 | U768: 12.42 | V768: 3.77 | W768: 6.24 | X768: 8.98 | Y768: 7.84 | Z768: 9.84
A769: 1995 | B769: 23.7 | C769: 21.26 | D769: 21.94 | E769: 15.4 | F769: 20.99 | G769: 13.46 | H769: 16.94 | I769: 13.19 | J769: 16.12 | K769: 12.77 | L769: 13.14 | M769: 7.65 | N769: 5.79 | O769: 9.5 | P769: 8.14 | Q769: 21.43 | R769: 11.74 | S769: 14.02 | T769: 10.47 | U769: 7.67 | V769: 14.74 | W769: 19.7 | X769: 14.75 | Y769: 14.54 | Z769: 18.99
A770: 1996 | B770: 12.57 | C770: 17.05 | D770: 20 | E770: 27.7 | F770: 31.67 | G770: 1 | H770: 7.99 | I770: 9.93 | J770: 14.11 | K770: 11.44 | L770: 2.58 | M770: 4.31 | N770: 10.08 | O770: 9.19 | P770: 8.51 | Q770: 2.63 | R770: 11.09 | S770: 9.89 | T770: 12.12 | U770: 13.24 | V770: 9.28 | W770: 11.75 | X770: 12.73 | Y770: 15.29 | Z770: 13.2
A771: 1997 | B771: -14.05 | C771: -10.01 | D771: -4.31 | E771: 0.1 | F771: 9.33 | G771: -16.78 | H771: -9.04 | I771: -3.08 | J771: 1.66 | K771: -8.36 | L771: -8 | M771: -0.67 | N771: -1.31 | O771: 2.46 | P771: 0.05 | Q771: -5.52 | R771: 2.38 | S771: 1.65 | T771: 6.28 | U771: 0.64 | V771: 7.68 | W771: 8.9 | X771: 5.04 | Y771: 16.54 | Z771: 19.84
A772: 1998 | B772: -1.35 | C772: -3.03 | D772: -0.78 | E772: -2.34 | F772: 8.39 | G772: 8.19 | H772: 0.27 | I772: 1.75 | J772: 1.38 | K772: 9.65 | L772: 8.9 | M772: 2.1 | N772: 6.77 | O772: 7.41 | P772: 11.72 | Q772: 16.54 | R772: 10.9 | S772: 6.02 | T772: 4.77 | U772: 10.17 | V772: 26.76 | W772: 17.47 | X772: 12.28 | Y772: 16.6 | Z772: 18.12
A773: 1999 | B773: 72.98 | C773: 60.34 | D773: 59.15 | E773: 47.48 | F773: 48.34 | G773: 48.44 | H773: 39.49 | I773: 21.55 | J773: 16.96 | K773: 13.18 | L773: 51.38 | M773: 34.39 | N773: 19.39 | O773: 4.34 | P773: 15.03 | Q773: 59.95 | R773: 19.69 | S773: 13.07 | T773: 9.31 | U773: 15.64 | V773: 38.4 | W773: 26.3 | X773: 17.29 | Y773: 9.97 | Z773: 15.4
A774: 2000 | B774: -27.88 | C774: -23.04 | D774: -10.87 | E774: -9.33 | F774: 3.34 | G774: -40.65 | H774: -25.08 | I774: -7.47 | J774: 1.6 | K774: 7.17 | L774: -37.23 | M774: -22.94 | N774: -4.12 | O774: 9 | P774: 15.64 | Q774: -26.79 | R774: -15.35 | S774: 6.69 | T774: 11.82 | U774: 15.43 | V774: -31.63 | W774: -3.73 | X774: 6.72 | Y774: 11.75 | Z774: 12.8
A775: 2001 | B775: -22.03 | C775: -11.76 | D775: -6.82 | E775: 0.31 | F775: 8.27 | G775: -24.42 | H775: -12.97 | I775: -5.4 | J775: 3.86 | K775: 6.04 | L775: -22.52 | M775: -7.93 | N775: -6.06 | O775: -2.26 | P775: 1.17 | Q775: -21.36 | R775: -1.6 | S775: -8.55 | T775: -3.76 | U775: 0.13 | V775: -28.04 | W775: -10.84 | X775: -10.44 | Y775: -7.77 | Z775: -13.99
A776: 2002 | B776: -23.98 | C776: -21.95 | D776: -16.02 | E776: -6.59 | F776: 9.57 | G776: -28.47 | H776: -24.05 | I776: -10.32 | J776: -6.62 | K776: 0.86 | L776: -31.61 | M776: -20.69 | N776: -9.41 | O776: -4.57 | P776: -0.62 | Q776: -27.76 | R776: -16.07 | S776: -8.05 | T776: -0.76 | U776: -8.33 | V776: -22.63 | W776: -10.18 | X776: -13.97 | Y776: -10.17 | Z776: -16.09
... A798: 2024 | B798: -11.89 | C798: -6.54 | D798: -4.47 | E798: -0.61 | F798: 6.05 | G798: -3.3 | H798: 10.18 | I798: 2.86 | J798: 3.43 | K798: 6.88 | L798: 5.8 | M798: 1.57 | N798: 2.99 | O798: 4.34 | P798: 8.44 | Q798: 9.61 | R798: 3.14 | S798: 6.11 | T798: 5.99 | U798: 11.94 | V798: 10.01 | W798: 6.72 | X798: 8.23 | Y798: 10.28 | Z798: 13.17
A802: Number of Firms in Portfolios
B803: SMALL LoBM | C803: ME1 BM2 | D803: ME1 BM3 | E803: ME1 BM4 | F803: SMALL HiBM | G803: ME2 BM1 | H803: ME2 BM2 | I803: ME2 BM3 | J803: ME2 BM4 | K803: ME2 BM5 | L803: ME3 BM1 | M803: ME3 BM2 | N803: ME3 BM3 | O803: ME3 BM4 | P803: ME3 BM5 | Q803: ME4 BM1 | R803: ME4 BM2 | S803: ME4 BM3 | T803: ME4 BM4 | U803: ME4 BM5 | V803: BIG LoBM | W803: ME5 BM2 | X803: ME5 BM3 | Y803: ME5 BM4 | Z803: BIG HiBM
A804: 199007 | B804: 408 | C804: 450 | D804: 535 | E804: 748 | F804: 1789 | G804: 202 | H804: 227 | I804: 253 | J804: 216 | K804: 281 | L804: 198 | M804: 177 | N804: 193 | O804: 198 | P804: 214 | Q804: 205 | R804: 197 | S804: 203 | T804: 189 | U804: 227 | V804: 251 | W804: 271 | X804: 259 | Y804: 282 | Z804: 218
A805: 199008 | B805: 407 | C805: 449 | D805: 532 | E805: 747 | F805: 1777 | G805: 202 | H805: 227 | I805: 253 | J805: 216 | K805: 281 | L805: 198 | M805: 177 | N805: 193 | O805: 198 | P805: 213 | Q805: 205 | R805: 197 | S805: 203 | T805: 189 | U805: 227 | V805: 251 | W805: 271 | X805: 259 | Y805: 282 | Z805: 218
A806: 199009 | B806: 406 | C806: 449 | D806: 532 | E806: 747 | F806: 1777 | G806: 202 | H806: 226 | I806: 253 | J806: 216 | K806: 280 | L806: 198 | M806: 177 | N806: 193 | O806: 197 | P806: 213 | Q806: 204 | R806: 197 | S806: 203 | T806: 189 | U806: 227 | V806: 251 | W806: 271 | X806: 259 | Y806: 281 | Z806: 218
A807: 199010 | B807: 405 | C807: 449 | D807: 532 | E807: 743 | F807: 1774 | G807: 202 | H807: 226 | I807: 252 | J807: 216 | K807: 278 | L807: 198 | M807: 177 | N807: 192 | O807: 197 | P807: 213 | Q807: 204 | R807: 196 | S807: 203 | T807: 189 | U807: 226 | V807: 251 | W807: 271 | X807: 258 | Y807: 281 | Z807: 218
A808: 199011 | B808: 402 | C808: 448 | D808: 529 | E808: 740 | F808: 1759 | G808: 202 | H808: 226 | I808: 252 | J808: 215 | K808: 278 | L808: 197 | M808: 177 | N808: 191 | O808: 197 | P808: 213 | Q808: 204 | R808: 196 | S808: 203 | T808: 189 | U808: 226 | V808: 251 | W808: 271 | X808: 258 | Y808: 281 | Z808: 217
A809: 199012 | B809: 401 | C809: 448 | D809: 527 | E809: 737 | F809: 1749 | G809: 202 | H809: 226 | I809: 252 | J809: 214 | K809: 278 | L809: 197 | M809: 176 | N809: 190 | O809: 196 | P809: 213 | Q809: 204 | R809: 196 | S809: 203 | T809: 189 | U809: 225 | V809: 251 | W809: 271 | X809: 258 | Y809: 281 | Z809: 217
A810: 199101 | B810: 399 | C810: 448 | D810: 525 | E810: 732 | F810: 1743 | G810: 202 | H810: 226 | I810: 252 | J810: 214 | K810: 278 | L810: 197 | M810: 176 | N810: 190 | O810: 195 | P810: 213 | Q810: 203 | R810: 196 | S810: 203 | T810: 189 | U810: 224 | V810: 251 | W810: 271 | X810: 258 | Y810: 281 | Z810: 217
A811: 199102 | B811: 398 | C811: 447 | D811: 523 | E811: 729 | F811: 1735 | G811: 201 | H811: 226 | I811: 252 | J811: 213 | K811: 278 | L811: 197 | M811: 176 | N811: 190 | O811: 195 | P811: 213 | Q811: 203 | R811: 196 | S811: 203 | T811: 189 | U811: 223 | V811: 251 | W811: 271 | X811: 258 | Y811: 281 | Z811: 217
A812: 199103 | B812: 396 | C812: 447 | D812: 521 | E812: 726 | F812: 1733 | G812: 201 | H812: 226 | I812: 251 | J812: 213 | K812: 278 | L812: 197 | M812: 176 | N812: 190 | O812: 195 | P812: 213 | Q812: 203 | R812: 196 | S812: 203 | T812: 189 | U812: 222 | V812: 251 | W812: 271 | X812: 258 | Y812: 281 | Z812: 217
A813: 199104 | B813: 395 | C813: 446 | D813: 521 | E813: 723 | F813: 1724 | G813: 200 | H813: 226 | I813: 251 | J813: 213 | K813: 278 | L813: 197 | M813: 176 | N813: 189 | O813: 195 | P813: 213 | Q813: 203 | R813: 196 | S813: 203 | T813: 189 | U813: 222 | V813: 251 | W813: 271 | X813: 256 | Y813: 281 | Z813: 216
A814: 199105 | B814: 394 | C814: 446 | D814: 516 | E814: 720 | F814: 1710 | G814: 200 | H814: 225 | I814: 251 | J814: 213 | K814: 277 | L814: 197 | M814: 176 | N814: 189 | O814: 195 | P814: 213 | Q814: 203 | R814: 196 | S814: 203 | T814: 188 | U814: 222 | V814: 251 | W814: 271 | X814: 256 | Y814: 281 | Z814: 216
A815: 199106 | B815: 393 | C815: 446 | D815: 515 | E815: 718 | F815: 1698 | G815: 200 | H815: 225 | I815: 251 | J815: 213 | K815: 276 | L815: 196 | M815: 176 | N815: 189 | O815: 194 | P815: 213 | Q815: 203 | R815: 195 | S815: 203 | T815: 188 | U815: 222 | V815: 251 | W815: 271 | X815: 256 | Y815: 280 | Z815: 216
... A1227: 202510 | B1227: 1049 | C1227: 1459 | D1227: 1627 | E1227: 2068 | F1227: 5768 | G1227: 157 | H1227: 206 | I1227: 281 | J1227: 339 | K1227: 479 | L1227: 108 | M1227: 159 | N1227: 189 | O1227: 168 | P1227: 216 | Q1227: 119 | R1227: 123 | S1227: 133 | T1227: 146 | U1227: 150 | V1227: 136 | W1227: 122 | X1227: 103 | Y1227: 100 | Z1227: 80
A1231: Average Firm Size
B1232: SMALL LoBM | C1232: ME1 BM2 | D1232: ME1 BM3 | E1232: ME1 BM4 | F1232: SMALL HiBM | G1232: ME2 BM1 | H1232: ME2 BM2 | I1232: ME2 BM3 | J1232: ME2 BM4 | K1232: ME2 BM5 | L1232: ME3 BM1 | M1232: ME3 BM2 | N1232: ME3 BM3 | O1232: ME3 BM4 | P1232: ME3 BM5 | Q1232: ME4 BM1 | R1232: ME4 BM2 | S1232: ME4 BM3 | T1232: ME4 BM4 | U1232: ME4 BM5 | V1232: BIG LoBM | W1232: ME5 BM2 | X1232: ME5 BM3 | Y1232: ME5 BM4 | Z1232: BIG HiBM
A1233: 199007 | B1233: 53.05 | C1233: 56.66 | D1233: 52.57 | E1233: 44.99 | F1233: 35.04 | G1233: 230.84 | H1233: 226.25 | I1233: 225.48 | J1233: 223.87 | K1233: 220 | L1233: 476.62 | M1233: 473.18 | N1233: 476.94 | O1233: 469.55 | P1233: 478.74 | Q1233: 983.79 | R1233: 1010.37 | S1233: 1004.04 | T1233: 984.13 | U1233: 974.8 | V1233: 6275.55 | W1233: 6519.44 | X1233: 5398.71 | Y1233: 4648.13 | Z1233: 4615.93
A1234: 199008 | B1234: 53.61 | C1234: 57.38 | D1234: 53.09 | E1234: 45.43 | F1234: 35 | G1234: 235.45 | H1234: 228.56 | I1234: 229.04 | J1234: 225.47 | K1234: 221.48 | L1234: 486.37 | M1234: 484.27 | N1234: 486.5 | O1234: 482.6 | P1234: 488.13 | Q1234: 1010.15 | R1234: 1037.93 | S1234: 1025.16 | T1234: 1006.32 | U1234: 1003.02 | V1234: 6346.24 | W1234: 6488.18 | X1234: 5482.29 | Y1234: 4732.64 | Z1234: 4620.97
A1235: 199009 | B1235: 47.95 | C1235: 50.27 | D1235: 47.5 | E1235: 41.01 | F1235: 31.47 | G1235: 205.82 | H1235: 205.31 | I1235: 201.67 | J1235: 199.9 | K1235: 197.36 | L1235: 418.34 | M1235: 423.83 | N1235: 422.2 | O1235: 424.84 | P1235: 427.1 | Q1235: 890.51 | R1235: 917.48 | S1235: 903.91 | T1235: 880.21 | U1235: 880.63 | V1235: 5752.58 | W1235: 5823.43 | X1235: 4973.81 | Y1235: 4297.51 | Z1235: 4149.01
A1236: 199010 | B1236: 43.19 | C1236: 46.15 | D1236: 43.31 | E1236: 37.96 | F1236: 28.77 | G1236: 183.08 | H1236: 184.03 | I1236: 182.95 | J1236: 182.51 | K1236: 178.87 | L1236: 367.01 | M1236: 375.25 | N1236: 371.75 | O1236: 371.14 | P1236: 374.25 | Q1236: 774.44 | R1236: 813.77 | S1236: 791.15 | T1236: 763.33 | U1236: 764.52 | V1236: 5087.97 | W1236: 5141.33 | X1236: 4444.34 | Y1236: 3839.22 | Z1236: 3627.52
A1237: 199011 | B1237: 42.87 | C1237: 45.19 | D1237: 43.37 | E1237: 37.3 | F1237: 27.98 | G1237: 192.2 | H1237: 186.25 | I1237: 185.22 | J1237: 185.06 | K1237: 178.47 | L1237: 408.73 | M1237: 406.98 | N1237: 397.06 | O1237: 397.85 | P1237: 398.76 | Q1237: 861.98 | R1237: 879.93 | S1237: 873.87 | T1237: 834.09 | U1237: 836.48 | V1237: 5568.02 | W1237: 5960.19 | X1237: 4888.57 | Y1237: 4146.03 | Z1237: 3982.61
A1238: 199012 | B1238: 42.65 | C1238: 45.03 | D1238: 43.21 | E1238: 36.98 | F1238: 28.17 | G1238: 186.22 | H1238: 185.76 | I1238: 183.71 | J1238: 184.32 | K1238: 177.65 | L1238: 379.04 | M1238: 392.71 | N1238: 383.73 | O1238: 375.14 | P1238: 381.81 | Q1238: 815.2 | R1238: 845.37 | S1238: 830.04 | T1238: 790.49 | U1238: 787.12 | V1238: 5481.88 | W1238: 5707.79 | X1238: 4763.25 | Y1238: 4076.34 | Z1238: 3793.28
A1239: 199101 | B1239: 42.44 | C1239: 45.98 | D1239: 43.34 | E1239: 36.81 | F1239: 28.37 | G1239: 188.32 | H1239: 188.73 | I1239: 186.57 | J1239: 186.97 | K1239: 180.29 | L1239: 388.87 | M1239: 395.47 | N1239: 382.87 | O1239: 372 | P1239: 381.06 | Q1239: 812.7 | R1239: 856.38 | S1239: 826.35 | T1239: 792.72 | U1239: 789.82 | V1239: 5613.28 | W1239: 5890.96 | X1239: 4885.58 | Y1239: 4101.85 | Z1239: 3789.11
A1240: 199102 | B1240: 43.45 | C1240: 47.17 | D1240: 44.35 | E1240: 37.33 | F1240: 29.46 | G1240: 187.59 | H1240: 191.58 | I1240: 189.76 | J1240: 190.77 | K1240: 183.75 | L1240: 389.82 | M1240: 398.03 | N1240: 388.51 | O1240: 369.18 | P1240: 384.49 | Q1240: 819.44 | R1240: 870.23 | S1240: 826.64 | T1240: 803.07 | U1240: 803.27 | V1240: 5849.04 | W1240: 6079.19 | X1240: 5030.81 | Y1240: 4208.35 | Z1240: 3962.37
A1241: 199103 | B1241: 48.6 | C1241: 52.16 | D1241: 48.7 | E1241: 40.98 | F1241: 32.46 | G1241: 211.68 | H1241: 215.33 | I1241: 211.44 | J1241: 208.33 | K1241: 204.32 | L1241: 443.02 | M1241: 446.31 | N1241: 442.52 | O1241: 418.65 | P1241: 433.93 | Q1241: 929.4 | R1241: 970.48 | S1241: 928.89 | T1241: 909.6 | U1241: 901.89 | V1241: 6387.41 | W1241: 6521.41 | X1241: 5418.87 | Y1241: 4581.51 | Z1241: 4361.34
A1242: 199104 | B1242: 50.6 | C1242: 53.5 | D1242: 49.74 | E1242: 41.87 | F1242: 33.46 | G1242: 213.89 | H1242: 214.92 | I1242: 210.47 | J1242: 209.95 | K1242: 206.35 | L1242: 442.27 | M1242: 441.82 | N1242: 438.14 | O1242: 411.73 | P1242: 434.6 | Q1242: 922.44 | R1242: 954.38 | S1242: 901.99 | T1242: 893.6 | U1242: 894.68 | V1242: 6319.91 | W1242: 6357.3 | X1242: 5286.43 | Y1242: 4384.56 | Z1242: 4202.51
A1243: 199105 | B1243: 50.58 | C1243: 52.91 | D1243: 50.33 | E1243: 41.82 | F1243: 34.05 | G1243: 214.3 | H1243: 215.92 | I1243: 213.51 | J1243: 208.76 | K1243: 206.88 | L1243: 441.83 | M1243: 439.92 | N1243: 438.31 | O1243: 416.62 | P1243: 437.91 | Q1243: 919.19 | R1243: 947.89 | S1243: 909.58 | T1243: 903.63 | U1243: 903.87 | V1243: 6343.64 | W1243: 6437.98 | X1243: 5350.79 | Y1243: 4426.03 | Z1243: 4227.73
A1244: 199106 | B1244: 51.41 | C1244: 53.59 | D1244: 51.14 | E1244: 41.93 | F1244: 34.53 | G1244: 213.67 | H1244: 218.14 | I1244: 215.33 | J1244: 211.66 | K1244: 207.56 | L1244: 437.04 | M1244: 442.04 | N1244: 442.85 | O1244: 420.37 | P1244: 439.02 | Q1244: 919.27 | R1244: 946.52 | S1244: 903.11 | T1244: 916.11 | U1244: 913.98 | V1244: 6441.64 | W1244: 6502.56 | X1244: 5420.2 | Y1244: 4478.97 | Z1244: 4266.93
... A1656: 202510 | B1656: 257.25 | C1656: 265.03 | D1656: 282.29 | E1656: 284.84 | F1656: 219.02 | G1656: 2538.46 | H1656: 2557.6 | I1656: 2651.98 | J1656: 2756.94 | K1656: 2726.89 | L1656: 6416.18 | M1656: 6949.3 | N1656: 6869.47 | O1656: 6645.88 | P1656: 6971.31 | Q1656: 17290.45 | R1656: 16634.47 | S1656: 17254.94 | T1656: 18081.94 | U1656: 17845.67 | V1656: 228643.25 | W1656: 157245.77 | X1656: 76346.85 | Y1656: 87061.51 | Z1656: 94761.04

Sheet Returns Data
B1: SMALL LoBM | C1: ME1 BM2 | D1: ME1 BM3 | E1: ME1 BM4 | F1: SMALL HiBM | G1: ME2 BM1 | H1: ME2 BM2 | I1: ME2 BM3 | J1: ME2 BM4 | K1: ME2 BM5 | L1: ME3 BM1 | M1: ME3 BM2 | N1: ME3 BM3 | O1: ME3 BM4 | P1: ME3 BM5 | Q1: ME4 BM1 | R1: ME4 BM2 | S1: ME4 BM3 | T1: ME4 BM4 | U1: ME4 BM5 | V1: BIG LoBM | W1: ME5 BM2 | X1: ME5 BM3 | Y1: ME5 BM4 | Z1: BIG HiBM
A2: 200108 | B2: ='25 portfolios Data'!B2/100 -> -0.0567 | C2: ='25 portfolios Data'!C2/100 -> -0.041 | D2: ='25 portfolios Data'!D2/100 -> -0.0206 | E2: ='25 portfolios Data'!E2/100 -> -0.0044 | F2: ='25 portfolios Data'!F2/100 -> 0.0072 | G2: ='25 portfolios Data'!G2/100 -> -0.037 | H2: ='25 portfolios Data'!H2/100 -> -0.0519 | I2: ='25 portfolios Data'!I2/100 -> -0.0115 | ... Z2: ='25 portfolios Data'!Z2/100 -> -0.0683
A3: 200109 | B3: ='25 portfolios Data'!B3/100 -> -0.1849 | C3: ='25 portfolios Data'!C3/100 -> -0.1739 | D3: ='25 portfolios Data'!D3/100 -> -0.143 | E3: ='25 portfolios Data'!E3/100 -> -0.129 | F3: ='25 portfolios Data'!F3/100 -> -0.109 | G3: ='25 portfolios Data'!G3/100 -> -0.1912 | H3: ='25 portfolios Data'!H3/100 -> -0.1535 | I3: ='25 portfolios Data'!I3/100 -> -0.1342 | ... Z3: ='25 portfolios Data'!Z3/100 -> -0.0974
A4: 200110 | B4: ='25 portfolios Data'!B4/100 -> 0.0877 | C4: ='25 portfolios Data'!C4/100 -> 0.0842 | D4: ='25 portfolios Data'!D4/100 -> 0.0593 | E4: ='25 portfolios Data'!E4/100 -> 0.0561 | F4: ='25 portfolios Data'!F4/100 -> 0.0359 | G4: ='25 portfolios Data'!G4/100 -> 0.0969 | H4: ='25 portfolios Data'!H4/100 -> 0.08 | I4: ='25 portfolios Data'!I4/100 -> 0.0575 | ... Z4: ='25 portfolios Data'!Z4/100 -> -0.009
A5: 200111 | B5: ='25 portfolios Data'!B5/100 -> 0.061 | C5: ='25 portfolios Data'!C5/100 -> 0.0652 | D5: ='25 portfolios Data'!D5/100 -> 0.0706 | E5: ='25 portfolios Data'!E5/100 -> 0.0433 | F5: ='25 portfolios Data'!F5/100 -> 0.0245 | G5: ='25 portfolios Data'!G5/100 -> 0.0504 | H5: ='25 portfolios Data'!H5/100 -> 0.0864 | I5: ='25 portfolios Data'!I5/100 -> 0.0436 | ... Z5: ='25 portfolios Data'!Z5/100 -> 0.0853
A6: 200112 | B6: ='25 portfolios Data'!B6/100 -> -0.0096 | C6: ='25 portfolios Data'!C6/100 -> 0.0127 | D6: ='25 portfolios Data'!D6/100 -> 0.0059 | E6: ='25 portfolios Data'!E6/100 -> 0.0008 | F6: ='25 portfolios Data'!F6/100 -> 0 | G6: ='25 portfolios Data'!G6/100 -> 0.0067 | H6: ='25 portfolios Data'!H6/100 -> 0.031 | I6: ='25 portfolios Data'!I6/100 -> 0.0078 | ... Z6: ='25 portfolios Data'!Z6/100 -> 0.016
A7: 200201 | B7: ='25 portfolios Data'!B7/100 -> -0.0245 | C7: ='25 portfolios Data'!C7/100 -> -0.0306 | D7: ='25 portfolios Data'!D7/100 -> -0.0202 | E7: ='25 portfolios Data'!E7/100 -> -0.0052 | F7: ='25 portfolios Data'!F7/100 -> 0.0148 | G7: ='25 portfolios Data'!G7/100 -> -0.0581 | H7: ='25 portfolios Data'!H7/100 -> -0.0424 | I7: ='25 portfolios Data'!I7/100 -> -0.03 | ... Z7: ='25 portfolios Data'!Z7/100 -> -0.0709
A8: 200202 | B8: ='25 portfolios Data'!B8/100 -> -0.0426 | C8: ='25 portfolios Data'!C8/100 -> -0.0388 | D8: ='25 portfolios Data'!D8/100 -> -0.0248 | E8: ='25 portfolios Data'!E8/100 -> -0.0016 | F8: ='25 portfolios Data'!F8/100 -> 0.0124 | G8: ='25 portfolios Data'!G8/100 -> -0.05 | H8: ='25 portfolios Data'!H8/100 -> -0.0373 | I8: ='25 portfolios Data'!I8/100 -> -0.0025 | ... Z8: ='25 portfolios Data'!Z8/100 -> -0.0333
A9: 200203 | B9: ='25 portfolios Data'!B9/100 -> 0.0254 | C9: ='25 portfolios Data'!C9/100 -> 0.0447 | D9: ='25 portfolios Data'!D9/100 -> 0.0564 | E9: ='25 portfolios Data'!E9/100 -> 0.0471 | F9: ='25 portfolios Data'!F9/100 -> 0.0603 | G9: ='25 portfolios Data'!G9/100 -> 0.0498 | H9: ='25 portfolios Data'!H9/100 -> 0.0671 | I9: ='25 portfolios Data'!I9/100 -> 0.0689 | ... Z9: ='25 portfolios Data'!Z9/100 -> 0.0461
A10: 200204 | B10: ='25 portfolios Data'!B10/100 -> -0.0381 | C10: ='25 portfolios Data'!C10/100 -> -0.0187 | D10: ='25 portfolios Data'!D10/100 -> 0.0101 | E10: ='25 portfolios Data'!E10/100 -> 0.0223 | F10: ='25 portfolios Data'!F10/100 -> 0.046 | G10: ='25 portfolios Data'!G10/100 -> -0.0175 | H10: ='25 portfolios Data'!H10/100 -> -0.0073 | I10: ='25 portfolios Data'!I10/100 -> 0.0337 | ... Z10: ='25 portfolios Data'!Z10/100 -> -0.0491
A11: 200205 | B11: ='25 portfolios Data'!B11/100 -> -0.0163 | C11: ='25 portfolios Data'!C11/100 -> 0.0079 | D11: ='25 portfolios Data'!D11/100 -> 0.0052 | E11: ='25 portfolios Data'!E11/100 -> 0.0381 | F11: ='25 portfolios Data'!F11/100 -> 0.0482 | G11: ='25 portfolios Data'!G11/100 -> -0.0033 | H11: ='25 portfolios Data'!H11/100 -> -0.0019 | I11: ='25 portfolios Data'!I11/100 -> 0.0091 | ... Z11: ='25 portfolios Data'!Z11/100 -> 0.0103
A12: 200206 | B12: ='25 portfolios Data'!B12/100 -> -0.0655 | C12: ='25 portfolios Data'!C12/100 -> -0.0392 | D12: ='25 portfolios Data'!D12/100 -> -0.0351 | E12: ='25 portfolios Data'!E12/100 -> -0.0229 | F12: ='25 portfolios Data'!F12/100 -> -0.0043 | G12: ='25 portfolios Data'!G12/100 -> -0.0567 | H12: ='25 portfolios Data'!H12/100 -> -0.046 | I12: ='25 portfolios Data'!I12/100 -> -0.0305 | ... Z12: ='25 portfolios Data'!Z12/100 -> -0.079
A13: 200207 | B13: ='25 portfolios Data'!B13/100 -> -0.1019 | C13: ='25 portfolios Data'!C13/100 -> -0.114 | D13: ='25 portfolios Data'!D13/100 -> -0.0884 | E13: ='25 portfolios Data'!E13/100 -> -0.0877 | F13: ='25 portfolios Data'!F13/100 -> -0.0658 | G13: ='25 portfolios Data'!G13/100 -> -0.1075 | H13: ='25 portfolios Data'!H13/100 -> -0.1187 | I13: ='25 portfolios Data'!I13/100 -> -0.1045 | ... Z13: ='25 portfolios Data'!Z13/100 -> -0.0914
... A291: 202509 | B291: ='25 portfolios Data'!B291/100 -> 0.0234 | C291: ='25 portfolios Data'!C291/100 -> 0.0137 | D291: ='25 portfolios Data'!D291/100 -> 0.0283 | E291: ='25 portfolios Data'!E291/100 -> 0.0364 | F291: ='25 portfolios Data'!F291/100 -> 0.0221 | G291: ='25 portfolios Data'!G291/100 -> 0.0104 | H291: ='25 portfolios Data'!H291/100 -> -0.008 | I291: ='25 portfolios Data'!I291/100 -> 0.0176 | ... Z291: ='25 portfolios Data'!Z291/100 -> 0.0176

Sheet Rf Rate
B1: Monthly Risk Free
A2: 200108 | B2: 0.0027901165
A3: 200109 | B3: 0.0018804295
A4: 200110 | B4: 0.0017742501
A5: 200111 | B5: 0.0015451345
A6: 200112 | B6: 0.0013893343
A7: 200201 | B7: 0.001397541
A8: 200202 | B8: 0.0014549669
A9: 200203 | B9: 0.0014549669
A10: 200204 | B10: 0.0014631677
A11: 200205 | B11: 0.0014221565
A12: 200206 | B12: 0.001397541
A13: 200207 | B13: 0.0014303602
... A291: 202509 | B291: 0.0034343793

Sheet Excess Returns Data
B1: SMALL LoBM | C1: ME1 BM2 | D1: ME1 BM3 | E1: ME1 BM4 | F1: SMALL HiBM | G1: ME2 BM1 | H1: ME2 BM2 | I1: ME2 BM3 | J1: ME2 BM4 | K1: ME2 BM5 | L1: ME3 BM1 | M1: ME3 BM2 | N1: ME3 BM3 | O1: ME3 BM4 | P1: ME3 BM5 | Q1: ME4 BM1 | R1: ME4 BM2 | S1: ME4 BM3 | T1: ME4 BM4 | U1: ME4 BM5 | V1: BIG LoBM | W1: ME5 BM2 | X1: ME5 BM3 | Y1: ME5 BM4 | Z1: BIG HiBM
A2: 200108 | B2: =('25 portfolios Data'!B2/100)-'Rf Rate'!$B2 -> -0.059490116 | C2: =('25 portfolios Data'!C2/100)-'Rf Rate'!$B2 -> -0.043790116 | D2: =('25 portfolios Data'!D2/100)-'Rf Rate'!$B2 -> -0.023390116 | E2: =('25 portfolios Data'!E2/100)-'Rf Rate'!$B2 -> -0.0071901165 | F2: =('25 portfolios Data'!F2/100)-'Rf Rate'!$B2 -> 0.0044098835 | G2: =('25 portfolios Data'!G2/100)-'Rf Rate'!$B2 -> -0.039790116 | H2: =('25 portfolios Data'!H2/100)-'Rf Rate'!$B2 -> -0.054690116 | I2: =('25 portfolios Data'!I2/100)-'Rf Rate'!$B2 -> -0.014290116 | ... Z2: =('25 portfolios Data'!Z2/100)-'Rf Rate'!$B2 -> -0.071090116
A3: 200109 | B3: =('25 portfolios Data'!B3/100)-'Rf Rate'!$B3 -> -0.18678043 | C3: =('25 portfolios Data'!C3/100)-'Rf Rate'!$B3 -> -0.17578043 | D3: =('25 portfolios Data'!D3/100)-'Rf Rate'!$B3 -> -0.14488043 | E3: =('25 portfolios Data'!E3/100)-'Rf Rate'!$B3 -> -0.13088043 | F3: =('25 portfolios Data'!F3/100)-'Rf Rate'!$B3 -> -0.11088043 | G3: =('25 portfolios Data'!G3/100)-'Rf Rate'!$B3 -> -0.19308043 | H3: =('25 portfolios Data'!H3/100)-'Rf Rate'!$B3 -> -0.15538043 | I3: =('25 portfolios Data'!I3/100)-'Rf Rate'!$B3 -> -0.13608043 | ... Z3: =('25 portfolios Data'!Z3/100)-'Rf Rate'!$B3 -> -0.099280429
A4: 200110 | B4: =('25 portfolios Data'!B4/100)-'Rf Rate'!$B4 -> 0.08592575 | C4: =('25 portfolios Data'!C4/100)-'Rf Rate'!$B4 -> 0.08242575 | D4: =('25 portfolios Data'!D4/100)-'Rf Rate'!$B4 -> 0.05752575 | E4: =('25 portfolios Data'!E4/100)-'Rf Rate'!$B4 -> 0.05432575 | F4: =('25 portfolios Data'!F4/100)-'Rf Rate'!$B4 -> 0.03412575 | G4: =('25 portfolios Data'!G4/100)-'Rf Rate'!$B4 -> 0.09512575 | H4: =('25 portfolios Data'!H4/100)-'Rf Rate'!$B4 -> 0.07822575 | I4: =('25 portfolios Data'!I4/100)-'Rf Rate'!$B4 -> 0.05572575 | ... Z4: =('25 portfolios Data'!Z4/100)-'Rf Rate'!$B4 -> -0.01077425
A5: 200111 | B5: =('25 portfolios Data'!B5/100)-'Rf Rate'!$B5 -> 0.059454865 | C5: =('25 portfolios Data'!C5/100)-'Rf Rate'!$B5 -> 0.063654865 | D5: =('25 portfolios Data'!D5/100)-'Rf Rate'!$B5 -> 0.069054865 | E5: =('25 portfolios Data'!E5/100)-'Rf Rate'!$B5 -> 0.041754865 | F5: =('25 portfolios Data'!F5/100)-'Rf Rate'!$B5 -> 0.022954865 | G5: =('25 portfolios Data'!G5/100)-'Rf Rate'!$B5 -> 0.048854865 | H5: =('25 portfolios Data'!H5/100)-'Rf Rate'!$B5 -> 0.084854865 | I5: =('25 portfolios Data'!I5/100)-'Rf Rate'!$B5 -> 0.042054865 | ... Z5: =('25 portfolios Data'!Z5/100)-'Rf Rate'!$B5 -> 0.083754865
A6: 200112 | B6: =('25 portfolios Data'!B6/100)-'Rf Rate'!$B6 -> -0.010989334 | C6: =('25 portfolios Data'!C6/100)-'Rf Rate'!$B6 -> 0.011310666 | D6: =('25 portfolios Data'!D6/100)-'Rf Rate'!$B6 -> 0.0045106657 | E6: =('25 portfolios Data'!E6/100)-'Rf Rate'!$B6 -> -0.00058933431 | F6: =('25 portfolios Data'!F6/100)-'Rf Rate'!$B6 -> -0.0013893343 | G6: =('25 portfolios Data'!G6/100)-'Rf Rate'!$B6 -> 0.0053106657 | H6: =('25 portfolios Data'!H6/100)-'Rf Rate'!$B6 -> 0.029610666 | I6: =('25 portfolios Data'!I6/100)-'Rf Rate'!$B6 -> 0.0064106657 | ... Z6: =('25 portfolios Data'!Z6/100)-'Rf Rate'!$B6 -> 0.014610666
A7: 200201 | B7: =('25 portfolios Data'!B7/100)-'Rf Rate'!$B7 -> -0.025897541 | C7: =('25 portfolios Data'!C7/100)-'Rf Rate'!$B7 -> -0.031997541 | D7: =('25 portfolios Data'!D7/100)-'Rf Rate'!$B7 -> -0.021597541 | E7: =('25 portfolios Data'!E7/100)-'Rf Rate'!$B7 -> -0.006597541 | F7: =('25 portfolios Data'!F7/100)-'Rf Rate'!$B7 -> 0.013402459 | G7: =('25 portfolios Data'!G7/100)-'Rf Rate'!$B7 -> -0.059497541 | H7: =('25 portfolios Data'!H7/100)-'Rf Rate'!$B7 -> -0.043797541 | I7: =('25 portfolios Data'!I7/100)-'Rf Rate'!$B7 -> -0.031397541 | ... Z7: =('25 portfolios Data'!Z7/100)-'Rf Rate'!$B7 -> -0.072297541
A8: 200202 | B8: =('25 portfolios Data'!B8/100)-'Rf Rate'!$B8 -> -0.044054967 | C8: =('25 portfolios Data'!C8/100)-'Rf Rate'!$B8 -> -0.040254967 | D8: =('25 portfolios Data'!D8/100)-'Rf Rate'!$B8 -> -0.026254967 | E8: =('25 portfolios Data'!E8/100)-'Rf Rate'!$B8 -> -0.0030549669 | F8: =('25 portfolios Data'!F8/100)-'Rf Rate'!$B8 -> 0.010945033 | G8: =('25 portfolios Data'!G8/100)-'Rf Rate'!$B8 -> -0.051454967 | H8: =('25 portfolios Data'!H8/100)-'Rf Rate'!$B8 -> -0.038754967 | I8: =('25 portfolios Data'!I8/100)-'Rf Rate'!$B8 -> -0.0039549669 | ... Z8: =('25 portfolios Data'!Z8/100)-'Rf Rate'!$B8 -> -0.034754967
A9: 200203 | B9: =('25 portfolios Data'!B9/100)-'Rf Rate'!$B9 -> 0.023945033 | C9: =('25 portfolios Data'!C9/100)-'Rf Rate'!$B9 -> 0.043245033 | D9: =('25 portfolios Data'!D9/100)-'Rf Rate'!$B9 -> 0.054945033 | E9: =('25 portfolios Data'!E9/100)-'Rf Rate'!$B9 -> 0.045645033 | F9: =('25 portfolios Data'!F9/100)-'Rf Rate'!$B9 -> 0.058845033 | G9: =('25 portfolios Data'!G9/100)-'Rf Rate'!$B9 -> 0.048345033 | H9: =('25 portfolios Data'!H9/100)-'Rf Rate'!$B9 -> 0.065645033 | I9: =('25 portfolios Data'!I9/100)-'Rf Rate'!$B9 -> 0.067445033 | ... Z9: =('25 portfolios Data'!Z9/100)-'Rf Rate'!$B9 -> 0.044645033
A10: 200204 | B10: =('25 portfolios Data'!B10/100)-'Rf Rate'!$B10 -> -0.039563168 | C10: =('25 portfolios Data'!C10/100)-'Rf Rate'!$B10 -> -0.020163168 | D10: =('25 portfolios Data'!D10/100)-'Rf Rate'!$B10 -> 0.0086368323 | E10: =('25 portfolios Data'!E10/100)-'Rf Rate'!$B10 -> 0.020836832 | F10: =('25 portfolios Data'!F10/100)-'Rf Rate'!$B10 -> 0.044536832 | G10: =('25 portfolios Data'!G10/100)-'Rf Rate'!$B10 -> -0.018963168 | H10: =('25 portfolios Data'!H10/100)-'Rf Rate'!$B10 -> -0.0087631677 | I10: =('25 portfolios Data'!I10/100)-'Rf Rate'!$B10 -> 0.032236832 | ... Z10: =('25 portfolios Data'!Z10/100)-'Rf Rate'!$B10 -> -0.050563168
A11: 200205 | B11: =('25 portfolios Data'!B11/100)-'Rf Rate'!$B11 -> -0.017722157 | C11: =('25 portfolios Data'!C11/100)-'Rf Rate'!$B11 -> 0.0064778435 | D11: =('25 portfolios Data'!D11/100)-'Rf Rate'!$B11 -> 0.0037778435 | E11: =('25 portfolios Data'!E11/100)-'Rf Rate'!$B11 -> 0.036677843 | F11: =('25 portfolios Data'!F11/100)-'Rf Rate'!$B11 -> 0.046777843 | G11: =('25 portfolios Data'!G11/100)-'Rf Rate'!$B11 -> -0.0047221565 | H11: =('25 portfolios Data'!H11/100)-'Rf Rate'!$B11 -> -0.0033221565 | I11: =('25 portfolios Data'!I11/100)-'Rf Rate'!$B11 -> 0.0076778435 | ... Z11: =('25 portfolios Data'!Z11/100)-'Rf Rate'!$B11 -> 0.0088778435
A12: 200206 | B12: =('25 portfolios Data'!B12/100)-'Rf Rate'!$B12 -> -0.066897541 | C12: =('25 portfolios Data'!C12/100)-'Rf Rate'!$B12 -> -0.040597541 | D12: =('25 portfolios Data'!D12/100)-'Rf Rate'!$B12 -> -0.036497541 | E12: =('25 portfolios Data'!E12/100)-'Rf Rate'!$B12 -> -0.024297541 | F12: =('25 portfolios Data'!F12/100)-'Rf Rate'!$B12 -> -0.005697541 | G12: =('25 portfolios Data'!G12/100)-'Rf Rate'!$B12 -> -0.058097541 | H12: =('25 portfolios Data'!H12/100)-'Rf Rate'!$B12 -> -0.047397541 | I12: =('25 portfolios Data'!I12/100)-'Rf Rate'!$B12 -> -0.031897541 | ... Z12: =('25 portfolios Data'!Z12/100)-'Rf Rate'!$B12 -> -0.080397541
A13: 200207 | B13: =('25 portfolios Data'!B13/100)-'Rf Rate'!$B13 -> -0.10333036 | C13: =('25 portfolios Data'!C13/100)-'Rf Rate'!$B13 -> -0.11543036 | D13: =('25 portfolios Data'!D13/100)-'Rf Rate'!$B13 -> -0.08983036 | E13: =('25 portfolios Data'!E13/100)-'Rf Rate'!$B13 -> -0.08913036 | F13: =('25 portfolios Data'!F13/100)-'Rf Rate'!$B13 -> -0.06723036 | G13: =('25 portfolios Data'!G13/100)-'Rf Rate'!$B13 -> -0.10893036 | H13: =('25 portfolios Data'!H13/100)-'Rf Rate'!$B13 -> -0.12013036 | I13: =('25 portfolios Data'!I13/100)-'Rf Rate'!$B13 -> -0.10593036 | ... Z13: =('25 portfolios Data'!Z13/100)-'Rf Rate'!$B13 -> -0.09283036
... A291: 202509 | B291: =('25 portfolios Data'!B291/100)-'Rf Rate'!$B291 -> 0.019965621 | C291: =('25 portfolios Data'!C291/100)-'Rf Rate'!$B291 -> 0.010265621 | D291: =('25 portfolios Data'!D291/100)-'Rf Rate'!$B291 -> 0.024865621 | E291: =('25 portfolios Data'!E291/100)-'Rf Rate'!$B291 -> 0.032965621 | F291: =('25 portfolios Data'!F291/100)-'Rf Rate'!$B291 -> 0.018665621 | G291: =('25 portfolios Data'!G291/100)-'Rf Rate'!$B291 -> 0.0069656207 | H291: =('25 portfolios Data'!H291/100)-'Rf Rate'!$B291 -> -0.011434379 | I291: =('25 portfolios Data'!I291/100)-'Rf Rate'!$B291 -> 0.014165621 | ... Z291: =('25 portfolios Data'!Z291/100)-'Rf Rate'!$B291 -> 0.014165621
